filename,line_num,product_code,product_name,color,size,quantity,unit_price,amount
0212インス・佐藤1枚（返品）.pdf,1,BIG-246-BOY,PEINTER-SK,78/Indigo,S,-1,6440,-6440
0212インス・佐藤1枚（返品）.pdf,2,,,94/Hickory,S,-1,6440,-6440
0213インス・佐藤1枚（2026）.pdf,1,WT26043AD/467,MOTION PANTS,GRAY,S,1,2980,2980
0213インス・佐藤1枚（2026）.pdf,2,,,GRAY,M,1,2980,2980
0213インス・佐藤1枚（2026）.pdf,3,,,OLIVE,L,1,2980,2980
0213インス・佐藤1枚（2026）.pdf,4,,,BLACK,XL,1,2980,2980
0217インス・佐藤21枚_Part2@.pdf,1,WTL26002AD/478,MOTION SKIRT,BLACK,S,12,4000,48000
0217インス・佐藤21枚_Part2@.pdf,2,,,,M,25,4000,100000
0217インス・佐藤21枚_Part2@.pdf,3,,,GREEN,S,6,4000,24000
0217インス・佐藤21枚_Part2@.pdf,4,,,,M,8,4000,32000
0217インス・佐藤21枚_Part2@.pdf,5,,,GREY,S,6,4000,24000
0217インス・佐藤21枚_Part2@.pdf,6,,,,M,12,4000,48000
0217インス・佐藤21枚_Part2@.pdf,7,,,BLUE,S,6,4000,24000
0217インス・佐藤21枚_Part2@.pdf,8,,,,M,13,4000,52000
0217インス・佐藤21枚_Part2@.pdf,9,,,BEIGE,S,8,4000,32000
0217インス・佐藤21枚_Part2@.pdf,10,,,,M,9,4000,36000
0217インス・佐藤21枚_Part2@.pdf,11,,,,F,48,4000,192000
0217インス・佐藤21枚_Part2@.pdf,12,WTL26002AD/478,MOTION SKIRT,BLACK,M,4,4000,16000
0217インス・佐藤21枚_Part2@.pdf,13,,(中国分),BLUE,M,4,4000,16000
0217インス・佐藤21枚_Part2@.pdf,14,,,GREY,M,3,4000,12000
0217インス・佐藤21枚_Part2@.pdf,15,WT26042AD/466,MOTION POKET CREW,BLACK,S,4,4200,16800
0217インス・佐藤21枚_Part2@.pdf,16,,,,M,14,4200,58800
0217インス・佐藤21枚_Part2@.pdf,17,,,,L,13,4200,54600
0217インス・佐藤21枚_Part2@.pdf,18,,,,XL,3,4200,12600
0217インス・佐藤21枚_Part2@.pdf,19,,,GREY,S,3,4200,12600
0217インス・佐藤21枚_Part2@.pdf,20,,,,M,10,4200,42000
0217インス・佐藤21枚_Part2@.pdf,21,,,,L,9,4200,37800
0217インス・佐藤21枚_Part2@.pdf,22,,,,XL,4,4200,16800
0217インス・佐藤21枚_Part2@.pdf,23,,,OLIVE,S,4,4200,16800
0217インス・佐藤21枚_Part2@.pdf,24,,,,M,7,4200,29400
0217インス・佐藤21枚_Part2@.pdf,25,,,,L,8,4200,33600
0217インス・佐藤21枚_Part2@.pdf,26,,,,XL,4,4200,16800
0217インス・佐藤21枚_Part4@.pdf,1,WT26039AD/490,ELASTIC NYLON PRINT LAX SPT,SPIDER-BLK,S,1,5050,5050
0217インス・佐藤21枚_Part4@.pdf,2,,(中国分),,M,3,5050,15150
0217インス・佐藤21枚_Part4@.pdf,3,,,,L,2,5050,10100
0217インス・佐藤21枚_Part4@.pdf,4,,,,XL,1,5050,5050
0217インス・佐藤21枚_Part4@.pdf,5,,,SPIDER-BEG,M,2,5050,10100
0217インス・佐藤21枚_Part4@.pdf,6,,,,L,2,5050,10100
0217インス・佐藤21枚_Part4@.pdf,7,,,,XL,1,5050,5050
0217インス・佐藤21枚_Part4@.pdf,8,,,SPIDER-GRN,M,2,5050,10100
0217インス・佐藤21枚_Part4@.pdf,9,,,,L,2,5050,10100
0217インス・佐藤21枚_Part4@.pdf,10,,,CLIMER-BLK,M,2,5050,10100
0217インス・佐藤21枚_Part4@.pdf,11,,,,L,2,5050,10100
0217インス・佐藤21枚_Part4@.pdf,12,,,CLIMER-OFF,M,3,5050,15150
0217インス・佐藤21枚_Part4@.pdf,13,,,,L,3,5050,15150
0217インス・佐藤21枚_Part4@.pdf,14,,,,XL,1,5050,5050
0217インス・佐藤21枚_Part4@.pdf,15,,,CLIMER-GRN,M,2,5050,10100
0217インス・佐藤21枚_Part4@.pdf,16,,,,L,2,5050,10100
0217インス・佐藤21枚_Part4@.pdf,17,WTL26003AD/479,MOTION ONEPICE,BLACK,S,17,3400,57800
0217インス・佐藤21枚_Part4@.pdf,18,,,,M,128,3400,435200
0217インス・佐藤21枚_Part4@.pdf,19,,,GREEN,S,7,3400,23800
0217インス・佐藤21枚_Part4@.pdf,20,,,,M,8,3400,27200
0217インス・佐藤21枚_Part4@.pdf,21,,,BLUE,S,8,3400,27200
0217インス・佐藤21枚_Part4@.pdf,22,,,,M,57,3400,193800
0217インス・佐藤21枚_Part4@.pdf,23,,,BEIGE,S,9,3400,30600
0217インス・佐藤21枚_Part4@.pdf,24,,,,M,69,3400,234600
0217インス・佐藤21枚_Part4@.pdf,25,,,GREY,S,8,3400,27200
0217インス・佐藤21枚_Part4@.pdf,26,,,,M,13,3400,44200
0217インス・佐藤21枚_Part6@.pdf,1,WT26038AD/489,ELASTIC NYLON PRINT LAX PT,SPIDER-BEG,S,4,5600,22400
0217インス・佐藤21枚_Part6@.pdf,2,,,,M,16,5600,89600
0217インス・佐藤21枚_Part6@.pdf,3,,,,L,6,5600,33600
0217インス・佐藤21枚_Part6@.pdf,4,,,,XL,2,5600,11200
0217インス・佐藤21枚_Part6@.pdf,5,,,SPIDER-BLK,XS,4,5600,22400
0217インス・佐藤21枚_Part6@.pdf,6,,,,S,14,5600,78400
0217インス・佐藤21枚_Part6@.pdf,7,,,,M,21,5600,117600
0217インス・佐藤21枚_Part6@.pdf,8,,,,L,18,5600,100800
0217インス・佐藤21枚_Part6@.pdf,9,,,,XL,11,5600,61600
0217インス・佐藤21枚_Part6@.pdf,10,,,SPIDER-GRN,S,3,5600,16800
0217インス・佐藤21枚_Part6@.pdf,11,,,,M,9,5600,50400
0217インス・佐藤21枚_Part6@.pdf,12,,,,L,9,5600,50400
0217インス・佐藤21枚_Part6@.pdf,13,,,,XL,7,5600,39200
0217インス・佐藤21枚_Part6@.pdf,14,,,CLIMER-OFF,XS,7,5600,39200
0217インス・佐藤21枚_Part6@.pdf,15,,,,S,7,5600,39200
0217インス・佐藤21枚_Part6@.pdf,16,,,,M,14,5600,78400
0217インス・佐藤21枚_Part6@.pdf,17,,,,L,14,5600,78400
0217インス・佐藤21枚_Part6@.pdf,18,,,,XL,9,5600,50400
0217インス・佐藤21枚_Part6@.pdf,19,,,CLIMER-BLK,XS,9,5600,50400
0217インス・佐藤21枚_Part6@.pdf,20,,,,S,14,5600,78400
0217インス・佐藤21枚_Part6@.pdf,21,,,,M,19,5600,106400
0217インス・佐藤21枚_Part6@.pdf,22,,,,L,17,5600,95200
0217インス・佐藤21枚_Part6@.pdf,23,,,,XL,10,5600,56000
0217インス・佐藤21枚_Part6@.pdf,24,,,CLIMER-GRN,XS,5,5600,28000
0217インス・佐藤21枚_Part6@.pdf,25,,,,S,5,5600,28000
0217インス・佐藤21枚_Part6@.pdf,26,,,,M,16,5600,89600
0217インス・佐藤21枚_Part6@.pdf,27,,,,L,7,5600,39200
0217インス・佐藤21枚_Part6@.pdf,28,,,,XL,4,5600,22400
0210キュー_岡部.pdf,1,BIGMACXFATオンプレ,見本反,7カラー,,7,70000,490000
0210キュー_岡部.pdf,2,F32620-SH07,オンプレチェックシャツ,4カラー,FAT,4,8000,32000
0210キュー_岡部.pdf,3,F32620-SH08,オンプレチェック短丈,4カラー,FAT,4,8000,32000
0202高荘_岡部.pdf,1,BR-26165 納前,,ベージュ,M,1,7190,7190
0202高荘_岡部.pdf,2,BR-26165 納前,,グレー,L,1,7190,7190
0202高荘_岡部.pdf,3,BR-26165 納前,,ベージュ,XL,1,7190,7190
0202高荘_岡部.pdf,4,BR-26165 量産,,ベージュ,M,12,7190,86280
0202高荘_岡部.pdf,5,BR-26165 量産,,ベージュ,L,14,7190,100660
0202高荘_岡部.pdf,6,BR-26165 量産,,ベージュ,XL,11,7190,79090
0202高荘_岡部.pdf,7,BR-26165 量産,,グレー,M,8,7190,57520
0202高荘_岡部.pdf,8,BR-26165 量産,,グレー,L,10,7190,71900
0202高荘_岡部.pdf,9,BR-26165 量産,,グレー,XL,8,7190,57520
0205高荘・佐藤1枚.pdf,1,BIG-240-BNS,COVERALL JK,HICKORY,M,43,7420,319060
0205高荘・佐藤1枚.pdf,2,,,,L,41,7420,304220
0205高荘・佐藤1枚.pdf,3,,,INDIGO,M,32,7420,237440
0205高荘・佐藤1枚.pdf,4,,,,L,31,7420,230020
0205高荘・佐藤1枚.pdf,5,,,L.INDIGO,M,32,7420,237440
0205高荘・佐藤1枚.pdf,6,,,,L,32,7420,237440
0205高荘・佐藤1枚.pdf,7,BIG-241-BNS,PEINTER PANTS,HICKORY,M,35,6600,231000
0205高荘・佐藤1枚.pdf,8,,,,L,37,6600,244200
0205高荘・佐藤1枚.pdf,9,,,,XL,21,6600,138600
0205高荘・佐藤1枚.pdf,10,,,INDIGO,M,12,6600,79200
0205高荘・佐藤1枚.pdf,11,,,,L,16,6600,105600
0205高荘・佐藤1枚.pdf,12,,,,XL,9,6600,59400
0205高荘・佐藤1枚.pdf,13,,,L.INDIGO,M,22,6600,145200
0205高荘・佐藤1枚.pdf,14,,,,L,24,6600,158400
0205高荘・佐藤1枚.pdf,15,,,,XL,15,6600,99000
0205高荘・佐藤1枚.pdf,16,BIG-243-BNS,ZIP-WORK JK,L.INDIGO,M,29,8460,245340
0205高荘・佐藤1枚.pdf,17,,,,L,34,8460,287640
0205高荘・佐藤1枚.pdf,18,,,INDIGO,M,18,8460,152280
0205高荘・佐藤1枚.pdf,19,,,,L,19,8460,160740
0209JUN納前_原田.pdf,1,GAE-06020,ディープスリットデニムワンピース,01 クロメイン,36,1,7600,7600
0209JUN納前_原田.pdf,2,,,44 ブルーメイ,38,1,7600,7600
0227JUN_原田.pdf,1,GAE-06020,ディープスリットデニムワンピース,01 クロメイン,36,60,7600,456000
0227JUN_原田.pdf,2,,,01 クロメイン,38,41,7600,311600
0227JUN_原田.pdf,3,,,44 ブルーメイ,36,61,7600,463600
0227JUN_原田.pdf,4,,,44 ブルーメイ,38,40,7600,304000
0209SIM・佐藤1枚.pdf,1,Null-093JS,BAGGY THREE QUARTER(8部丈),,,-1,5430,-5430
0209SIM・佐藤1枚.pdf,2,Null-109JS,BAGGY CANVAS,,,-1,5650,-5650
0213SIM・佐藤1枚.pdf,1,NULL-124BM,OUTSIDE INSIDE PT,BLACK,S,83,6500,539500
0213SIM・佐藤1枚.pdf,2,,,,M,145,6500,942500
0213SIM・佐藤1枚.pdf,3,,,,L,96,6500,624000
0213SIM・佐藤1枚.pdf,4,,,,XL,36,6500,234000
0213SIM・佐藤1枚.pdf,5,,,OLIVE,S,83,6500,539500
0213SIM・佐藤1枚.pdf,6,,,,M,146,6500,949000
0213SIM・佐藤1枚.pdf,7,,,,L,99,6500,643500
0213SIM・佐藤1枚.pdf,8,,,,XL,36,6500,234000
0226SIM佐藤1枚.pdf,1,NULL-111EX,OUTSIDE S-PT,BLACK,M,-1,5800,-5800
0202ミスターハリウッド_岡部.pdf,1,2262-SH60-6,シャンブレーシャツ,杢グレー,,1,10000,10000
0202ミスターハリウッド_岡部.pdf,2,2262-PT60-6,シャンブレーパンツ,杢グレー,,1,10000,10000
0213ミスターハリウッド・佐藤1枚.pdf,1,BIG-231-NH/2261-CP60-PEG,VINTAGE PEINTER DENIM PT (国内分),USED,36,75,7350,551250
0213ミスターハリウッド・佐藤1枚.pdf,2,,,,38,106,7350,779100
0213ミスターハリウッド・佐藤1枚.pdf,3,,,,40,74,7350,543900
0213ミスターハリウッド・佐藤1枚.pdf,4,,,,42,24,7350,176400
0213ミスターハリウッド・佐藤1枚.pdf,5,BIG-231-NH/2261-CP60-PEG,VINTAGE PEINTER DENIM PT (海外分),USED,36,7,7350,51450
0213ミスターハリウッド・佐藤1枚.pdf,6,,,,38,10,7350,73500
0213ミスターハリウッド・佐藤1枚.pdf,7,,,,40,8,7350,58800
0213ミスターハリウッド・佐藤1枚.pdf,8,,,,42,2,7350,14700
0213ミスターハリウッド_岡部.pdf,1,2261-SH60-027,26SSダンガリーシャツSS,BLUE,S,71,7700,546700
0213ミスターハリウッド_岡部.pdf,2,2261-SH60-027,26SSダンガリーシャツSS,BLUE,M,91,7700,700700
0213ミスターハリウッド_岡部.pdf,3,2261-SH60-027,26SSダンガリーシャツSS,BLUE,L,48,7700,369600
0213ミスターハリウッド_岡部.pdf,4,2261-SH60-027,26SSダンガリーシャツSS,BLUE,XL,4,7700,30800
0213ミスターハリウッド_岡部.pdf,5,2261-SH61-014,26SSチェックシャツLS,GRN CHECK,S,55,8200,451000
0213ミスターハリウッド_岡部.pdf,6,2261-SH61-014,26SSチェックシャツLS,GRN CHECK,M,81,8200,664200
0213ミスターハリウッド_岡部.pdf,7,2261-SH61-014,26SSチェックシャツLS,GRN CHECK,L,28,8200,229600
0213ミスターハリウッド_岡部.pdf,8,2261-SH61-014,26SSチェックシャツLS,GRN CHECK,XL,5,8200,41000
0213ミスターハリウッド_岡部.pdf,9,2261-SH61-014,26SSチェックシャツLS,BK CHECK,S,94,8200,770800
0213ミスターハリウッド_岡部.pdf,10,2261-SH61-014,26SSチェックシャツLS,BK CHECK,M,131,8200,1074200
0213ミスターハリウッド_岡部.pdf,11,2261-SH61-014,26SSチェックシャツLS,BK CHECK,L,44,8200,360800
0213ミスターハリウッド_岡部.pdf,12,2261-SH61-014,26SSチェックシャツLS,BK CHECK,XL,9,8200,73800
0206アンフィル・佐藤2枚_Part1.pdf,1,SD26S-JK05,Stand Collar Jacket (*WS納品),20Green,M,18,8500,153000
0206アンフィル・佐藤2枚_Part1.pdf,2,,,20Green,L,23,8500,195500
0206アンフィル・佐藤2枚_Part1.pdf,3,,,20Green,XL,11,8500,93500
0206アンフィル・佐藤2枚_Part1.pdf,4,,,24Brown,M,9,8500,76500
0206アンフィル・佐藤2枚_Part1.pdf,5,,,24Brown,L,19,8500,161500
0206アンフィル・佐藤2枚_Part1.pdf,6,,,24Brown,XL,9,8500,76500
0206アンフィル・佐藤2枚_Part1.pdf,7,,,80Black,M,21,8500,178500
0206アンフィル・佐藤2枚_Part1.pdf,8,,,80Black,L,29,8500,246500
0206アンフィル・佐藤2枚_Part1.pdf,9,,,80Black,XL,22,8500,187000
0206アンフィル・佐藤2枚_Part1.pdf,10,SD26S-JK05,Stand Collar Jacket (*BS納品),24Brown,M,30,8500,255000
0206アンフィル・佐藤2枚_Part1.pdf,11,,,24Brown,L,30,8500,255000
0206アンフィル・佐藤2枚_Part1.pdf,12,,,24Brown,XL,10,8500,85000
0206アンフィル・佐藤2枚_Part1.pdf,13,,,80Black,M,30,8500,255000
0206アンフィル・佐藤2枚_Part1.pdf,14,,,80Black,L,30,8500,255000
0206アンフィル・佐藤2枚_Part1.pdf,15,,,80Black,XL,10,8500,85000
0206アンフィル・佐藤2枚_Part1.pdf,16,SD26S-JK05,Stand Collar Jacket (*WS納品/納品前),20Green,L,1,8500,8500
0206アンフィル・佐藤2枚_Part1.pdf,17,,,24Brown,M,1,8500,8500
0206アンフィル・佐藤2枚_Part1.pdf,18,,,80Black,XL,1,8500,8500
0206アンフィル・佐藤2枚_Part2.pdf,1,SD26S-PT03,Vintage Washed Over Easy PT (WS納品),20Green,M,9,6800,61200
0206アンフィル・佐藤2枚_Part2.pdf,2,,,20Green,L,9,6800,61200
0206アンフィル・佐藤2枚_Part2.pdf,3,,,20Green,XL,5,6800,34000
0206アンフィル・佐藤2枚_Part2.pdf,4,,,24Brown,M,12,6800,81600
0206アンフィル・佐藤2枚_Part2.pdf,5,,,24Brown,L,14,6800,95200
0206アンフィル・佐藤2枚_Part2.pdf,6,,,24Brown,XL,12,6800,81600
0206アンフィル・佐藤2枚_Part2.pdf,7,,,80Black,M,13,6800,88400
0206アンフィル・佐藤2枚_Part2.pdf,8,,,80Black,L,14,6800,95200
0206アンフィル・佐藤2枚_Part2.pdf,9,,,80Black,XL,6,6800,40800
0206アンフィル・佐藤2枚_Part2.pdf,10,SD26S-PT03,Vintage Washed Over Easy PT (WS納品/納品前),20Green,L,1,6800,6800
0206アンフィル・佐藤2枚_Part2.pdf,11,,,24Brown,M,1,6800,6800
0206アンフィル・佐藤2枚_Part2.pdf,12,,,80Black,XL,1,6800,6800
0216アンフィル・佐藤1枚.pdf,1,SDADV-1809,Classic Fit Jeans,,,1,15000,15000
0216アンフィル・佐藤2枚_Part1.pdf,1,SD26S-PT04（WS）,Vintage Washed Double Knee Pants,12GREY,M,15,6420,96300
0216アンフィル・佐藤2枚_Part1.pdf,2,,,12GREY,L,21,6420,134820
0216アンフィル・佐藤2枚_Part1.pdf,3,,,12GREY,XL,14,6420,89880
0216アンフィル・佐藤2枚_Part1.pdf,4,,,21KAHAKI,M,17,6420,109140
0216アンフィル・佐藤2枚_Part1.pdf,5,,,21KAHAKI,L,24,6420,154080
0216アンフィル・佐藤2枚_Part1.pdf,6,,,21KAHAKI,XL,17,6420,109140
0216アンフィル・佐藤2枚_Part1.pdf,7,,,80BLACK,M,14,6420,89880
0216アンフィル・佐藤2枚_Part1.pdf,8,,,80BLACK,L,19,6420,121980
0216アンフィル・佐藤2枚_Part1.pdf,9,,,80BLACK,XL,13,6420,83460
0216アンフィル・佐藤2枚_Part1.pdf,10,SD26S-PT04（BS）,Vintage Washed Double Knee Pants,21KAHAKI,M,30,6420,192600
0216アンフィル・佐藤2枚_Part1.pdf,11,,,21KAHAKI,L,30,6420,192600
0216アンフィル・佐藤2枚_Part1.pdf,12,,,21KAHAKI,XL,10,6420,64200
0216アンフィル・佐藤2枚_Part1.pdf,13,,,80BLACK,M,30,6420,192600
0216アンフィル・佐藤2枚_Part1.pdf,14,,,80BLACK,L,30,6420,192600
0216アンフィル・佐藤2枚_Part1.pdf,15,,,80BLACK,XL,10,6420,64200
0216アンフィル・佐藤2枚_Part1.pdf,16,SD26S-PT04（WS）納品前,Vintage Washed Double Knee Pants,12GREY,XL,1,6420,6420
0216アンフィル・佐藤2枚_Part1.pdf,17,,,21KAHAKI,L,1,6420,6420
0216アンフィル・佐藤2枚_Part1.pdf,18,,,80BLACK,M,1,6420,6420
0216アンフィル・佐藤2枚_Part2.pdf,1,SD26S-JK06（WS）,Cotton Twill Denim Jacket,21KHAKI,M,3,8800,26400
0216アンフィル・佐藤2枚_Part2.pdf,2,,,21KHAKI,L,2,8800,17600
0216アンフィル・佐藤2枚_Part2.pdf,3,,,21KHAKI,XL,2,8800,17600
0216アンフィル・佐藤2枚_Part2.pdf,4,,,70PINK,M,4,8800,35200
0216アンフィル・佐藤2枚_Part2.pdf,5,,,70PINK,L,5,8800,44000
0216アンフィル・佐藤2枚_Part2.pdf,6,,,70PINK,XL,2,8800,17600
0216アンフィル・佐藤2枚_Part2.pdf,7,,,80BLACK,M,15,8800,132000
0216アンフィル・佐藤2枚_Part2.pdf,8,,,80BLACK,L,18,8800,158400
0216アンフィル・佐藤2枚_Part2.pdf,9,,,80BLACK,XL,8,8800,70400
0216アンフィル・佐藤2枚_Part2.pdf,10,SD26S-JK06（WS）納品前分,Cotton Twill Denim Jacket,21KHAKI,M,1,8800,8800
0216アンフィル・佐藤2枚_Part2.pdf,11,,,70PINK,XL,1,8800,8800
0216アンフィル・佐藤2枚_Part2.pdf,12,,,80BLACK,L,1,8800,8800
0218アダストリア岡部@8600.pdf,1,HA700001AA,N/Classic-Shirts,柄,1,15,8600,129000
0218アダストリア岡部@8600.pdf,2,HA700001AA,N/Classic-Shirts,柄,2,16,8600,137600
0218アダストリア岡部@8600.pdf,3,HA700001AA,N/Classic-Shirts,BLK,1,22,8600,189200
0218アダストリア岡部@8600.pdf,4,HA700001AA,N/Classic-Shirts,BLK,2,21,8600,180600
0218アダストリア岡部@8600.pdf,5,HA700001AA,N/Classic-Shirts,ストライプ,1,17,8600,146200
0218アダストリア岡部@8600.pdf,6,HA700001AA,N/Classic-Shirts,ストライプ,2,16,8600,137600
0218アダストリア岡部@6100.pdf,1,HA700002AA,W/Lapel-Shirts,BLK,1,35,6100,213500
0218アダストリア岡部@6100.pdf,2,HA700002AA,W/Lapel-Shirts,BLK,2,19,6100,115900
0218アダストリア岡部@6100.pdf,3,HA700002AA,W/Lapel-Shirts,GRY5,1,24,6100,146400
0218アダストリア岡部@6100.pdf,4,HA700002AA,W/Lapel-Shirts,GRY5,2,19,6100,115900
0220アダストリア返品_岡部原田.pdf,1,JS051120AA,(部門5/クラス54/アイテム606227),09,03,-1,2700,-2700
0220アダストリア返品_岡部原田.pdf,2,JS051147AA,(部門5/クラス54/アイテム647643),86,02,-1,2700,-2700
0220アダストリア返品_岡部原田.pdf,3,JS051120AA,(部門5/クラス54/アイテム606227),09,02,-2,2700,-5400
0220アダストリア返品_岡部原田.pdf,4,JS051147AA,(部門5/クラス54/アイテム647643),86,03,-1,2700,-2700
0220アダストリア返品_岡部原田.pdf,5,JS051147AA,(部門5/クラス54/アイテム647643),82,02,-1,2700,-2700
0220アダストリア返品_岡部原田.pdf,6,JS051120AA,(部門5/クラス54/アイテム606227),83,03,-1,2700,-2700
0220アダストリア返品_岡部原田.pdf,7,JS051120AA,(部門5/クラス54/アイテム606227),83,02,-1,2700,-2700
0220アダストリア返品_岡部原田.pdf,8,LF800050AA,(部門80/クラス21/アイテム635570),09,04,-1,3100,-3100
0220アダストリア岡部@7150.pdf,1,MY100464AA,CLASSICAL OP,BLK,M,22,7150,157300
0220アダストリア岡部@7150.pdf,2,MY100464AA,CLASSICAL OP,BLK,L,13,7150,92950
0220アダストリア岡部2@7150.pdf,1,MY100464AA,CLASSICAL OP,BLK,M,7,7150,50050
0220アダストリア岡部2@7150.pdf,2,MY100464AA,CLASSICAL OP,BLK,L,28,7150,200200
0227アダストリアHARE_岡部.pdf,1,,アノラックパーカーサンプル,,,1,40000,40000
0227アダストリアHARE_岡部.pdf,2,,イージーパンツサンプル,,,1,23000,23000
0227アダストリアHARE_岡部.pdf,3,,パフスリーブブラウスサンプル,,,1,37000,37000
0227アダストリアHARE_岡部.pdf,4,,パワショルシャツサンプル,,,1,38000,38000
0227アダストリアHARE_岡部.pdf,5,,ワイドパンツサンプル,,,1,37000,37000
0227アダストリアHARE_岡部.pdf,6,MY100464AA納前,,,,2,7150,14300
0205バロックmoussy_星野_Part1.pdf,1,010JS155-4581,SKINNY HANDLE TOTE BAG S,BLK,FREE,1,2040,2040
0205バロックmoussy_星野_Part1.pdf,2,010JS155-4581,SKINNY HANDLE TOTE BAG S,柄BRN,FREE,1,2040,2040
0205バロックmoussy_星野_Part2.pdf,1,010JS155-4591,SKINNY HANDLE TOTE BAG,BLK,FREE,1,2195,2195
0205バロックmoussy_星野_Part2.pdf,2,010JS155-4591,SKINNY HANDLE TOTE BAG,柄BRN,FREE,1,2195,2195
0205バロックmoussy_星野_Part2.pdf,3,010JS155-4591,SKINNY HANDLE TOTE BAG,BEG,FREE,1,2195,2195
0205バロックmoussy_星野_Part3.pdf,1,029JSA55-0261,KEY CHAIN COMBI BAG,BRN,FREE,1,2300,2300
0205バロックmoussy_星野_Part3.pdf,2,029JSA55-0261,KEY CHAIN COMBI BAG,GRY,FREE,1,2300,2300
0205バロックsly_一和多.pdf,1,500JSB55-1061,2WAYスクエアバッグ,IVOY,FREE,1,2450,2450
0205バロックsly_一和多.pdf,2,500JSB55-1061,2WAYスクエアバッグ,L/BRN,FREE,1,2450,2450
0210バロックsly_一和多.pdf,1,030JSA55-2781,QUILTING F/LEATHER CHAIN BAG,IVOY,FREE,1,2500,2500
0210バロックsly_一和多.pdf,2,030JSA55-2781,QUILTING F/LEATHER CHAIN BAG,BLK,FREE,1,2500,2500
0210バロックsly_一和多.pdf,3,030JSA55-2781,QUILTING F/LEATHER CHAIN BAG,KHA,FREE,1,2500,2500
0210バロックmoussy_星野_Part1.pdf,1,010JSA55-5381,MOUSSY SOUVENIR CANVAS BAG,WHT,FREE,1,762,762
0210バロックmoussy_星野_Part1.pdf,2,010JSA55-5381,MOUSSY SOUVENIR CANVAS BAG,BLK,FREE,1,762,762
0210バロックmoussy_星野_Part1.pdf,3,010JSA55-5381,MOUSSY SOUVENIR CANVAS BAG,GRY,FREE,1,762,762
0210バロックmoussy_星野_Part2.pdf,1,010JSA55-5391,MOUSSY SOUVENIR F/LEATHER BAG,BLK,FREE,1,870,870
0210バロックmoussyazul_星野_Part1.pdf,1,250JSB55-0901,ハーフムーンショルダーバッグ,BLK,FREE,899,1680,1510320
0210バロックmoussyazul_星野_Part1.pdf,2,250JSB55-0901,ハーフムーンショルダーバッグ,OLIVE,FREE,599,1680,1006320
0210バロックmoussyazul_星野_Part2.pdf,1,010JSF01-3931,INSILENCE SLOUCHY TOTE BAG (海外卸/中国FC),BLK,FREE,100,3100,310000
0210バロックmoussyazul_星野_Part2.pdf,2,010JSF01-3931,INSILENCE SLOUCHY TOTE BAG (海外卸/中国FC),GRY,FREE,100,3100,310000
0210バロックmoussyazul_星野_Part2.pdf,3,010JSF01-3931,INSILENCE SLOUCHY TOTE BAG (moussy),BLK,FREE,299,3100,926900
0210バロックmoussyazul_星野_Part2.pdf,4,010JSF01-3931,INSILENCE SLOUCHY TOTE BAG (moussy),BRN,FREE,104,3100,322400
0210バロックmoussyazul_星野_Part2.pdf,5,010JSF01-3931,INSILENCE SLOUCHY TOTE BAG (moussy),GRY,FREE,136,3100,421600
0210バロックmoussyazul_星野_Part2.pdf,6,010JSF01-3931,INSILENCE SLOUCHY TOTE BAG (海外卸/中国FC),BLK,FREE,10,3100,31000
0210バロックmoussyazul_星野_Part2.pdf,7,010JSF01-3931,INSILENCE SLOUCHY TOTE BAG (海外卸/中国FC),GRY,FREE,10,3100,31000
0210バロックmoussyazul_星野_Part2.pdf,8,010JSF01-3931,INSILENCE SLOUCHY TOTE BAG (Sheltter),BLK,FREE,10,3100,31000
0210バロックmoussyazul_星野_Part2.pdf,9,010JSF01-3931,INSILENCE SLOUCHY TOTE BAG (Sheltter),GRY,FREE,13,3100,40300
0224バロック返品_一和多.pdf,1,030JSA01-0401,NIOHIXSLY STUDS BAG,070,00020,-1,2650,-2650
0224バロック返品_星野.pdf,1,250IAC55-1271,ワイドベルトボックスポケットバッグ,020,00020,-2,1680,-3360
0224バロック返品_星野.pdf,2,250IAC55-1311,チャームセットミニダッフルバッグ,150,00020,-1,1790,-1790
0224バロック返品_星野.pdf,3,250JSC55-0021,チャームセットバニティバッグ,080,00020,-1,1730,-1730
0224バロック返品_星野.pdf,4,250JSB55-0051,ダブルジッパーハンドバッグ,063,00020,-1,1550,-1550
0224バロック返品_星野.pdf,5,250IAC55-087K,ワイドレースアップボックスポケットミニバッグ,020,00020,-1,1680,-1680
0224バロック返品_星野.pdf,6,250JSC55-0021,チャームセットバニティ,020,00020,-1,1730,-1730
0225バロックstyle_一和多.pdf,1,500JSB55-1061,2WAYスクエアバッグ,IVOY,FREE,112,2450,274400
0225バロックstyle_一和多.pdf,2,500JSB55-1061,2WAYスクエアバッグ,L/BRN,FREE,109,2450,267050
0225バロックsly_一和多.pdf,1,030JSA55-2781,QUILTING F/LEATHER CHAIN BAG,IVOY,FREE,100,2500,250000
0225バロックsly_一和多.pdf,2,030JSA55-2781,QUILTING F/LEATHER CHAIN BAG,BLK,FREE,103,2500,257500
0225バロックsly_一和多.pdf,3,030JSA55-2781,QUILTING F/LEATHER CHAIN BAG,KHA,FREE,102,2500,255000
0225バロックsly_一和多2.pdf,1,030JSR55-1641,F/LEATHER STUDS BAG (SLY),BLK,FREE,130,2850,370500
0225バロックsly_一和多2.pdf,2,030JSR55-1641,F/LEATHER STUDS BAG (SLY),PNK,FREE,102,2850,290700
0225バロックsly_一和多2.pdf,3,030JSR55-1641,F/LEATHER STUDS BAG (SLY),CAM,FREE,105,2850,299250
0225バロックsly_一和多2.pdf,4,030JSR55-1641,F/LEATHER STUDS BAG (Sheltter),BLK,FREE,4,2850,11400
0225バロックsly_一和多2.pdf,5,030JSR55-1641,F/LEATHER STUDS BAG (Sheltter),PNK,FREE,3,2850,8550
0225バロックsly_一和多2.pdf,6,030JSR55-1641,F/LEATHER STUDS BAG (Sheltter),CAM,FREE,2,2850,5700
0225バロックmoussy_星野_Part1.pdf,1,010JS155-4581,SKINNY HANDLE TOTE BAG S,BLK,FREE,234,2040,477360
0225バロックmoussy_星野_Part1.pdf,2,010JS155-4581,SKINNY HANDLE TOTE BAG S,柄BRN,FREE,440,2040,897600
0225バロックmoussy_星野_Part2.pdf,1,010JS155-4591,SKINNY HANDLE TOTE BAG,BLK,FREE,192,2195,421440
0225バロックmoussy_星野_Part2.pdf,2,010JS155-4591,SKINNY HANDLE TOTE BAG,柄BRN,FREE,360,2195,790200
0225バロックmoussy_星野_Part2.pdf,3,010JS155-4591,SKINNY HANDLE TOTE BAG,BEG,FREE,96,2195,210720
0225バロックmoussy_星野_Part3.pdf,1,029JSA55-0261,KEY CHAIN COMBI BAG,BRN,FREE,314,2300,722200
0225バロックmoussy_星野_Part3.pdf,2,029JSA55-0261,KEY CHAIN COMBI BAG,GRY,FREE,314,2300,722200
0201インス・佐藤1枚.pdf,1,WTL26003AD/479,MOTION ONEPICE,BLACK,S,1,3400,3400
0201インス・佐藤1枚.pdf,2,,,BEIGE,S,1,3400,3400
0201インス・佐藤1枚.pdf,3,,,BLUE,M,1,3400,3400
0201インス・佐藤1枚.pdf,4,,,GRAY,M,1,3400,3400
0201インス・佐藤1枚.pdf,5,,,GREEN,M,1,3400,3400
0201インス・佐藤1枚.pdf,6,WT26042AD/466,MOTION POKET CREW,GRAY,S,1,4200,4200
0201インス・佐藤1枚.pdf,7,,,OLIVE,M,1,4200,4200
0201インス・佐藤1枚.pdf,8,,,BLACK,L,1,4200,4200
0201インス・佐藤1枚.pdf,9,,,BLACK,XL,1,4200,4200
0201インス・佐藤1枚.pdf,10,WT26037AD/464,ELASTIC NYLON SHORTS,BLACK,S,1,4950,4950
0201インス・佐藤1枚.pdf,11,,,BEIGE,M,1,4950,4950
0201インス・佐藤1枚.pdf,12,,,BLUE,L,1,4950,4950
0201インス・佐藤1枚.pdf,13,,,GREEN,L,1,4950,4950
0201インス・佐藤1枚.pdf,14,,,MUSTUARD,XL,1,4950,4950
0201インス・佐藤1枚.pdf,15,,,GRAY,XL,1,4950,4950
0201インス・佐藤1枚.pdf,16,WTL26002AD/478,MOTION SKIRT,GRAY,S,1,4000,4000
0201インス・佐藤1枚.pdf,17,,,BLUE,S,1,4000,4000
0201インス・佐藤1枚.pdf,18,,,BLACK,M,1,4000,4000
0201インス・佐藤1枚.pdf,19,,,GREEN,M,1,4000,4000
0201インス・佐藤1枚.pdf,20,,,BEIGE,F,1,4000,4000
0201INS・佐藤1枚.pdf,1,WT26021AD/458,SUPPLEX BRISK SHORTS,MIST PPL,S,1,5430,5430
0201INS・佐藤1枚.pdf,2,,,FOREST GRN,M,1,5430,5430
0201INS・佐藤1枚.pdf,3,,,DESERT,L,1,5430,5430
0201INS・佐藤1枚.pdf,4,,,BLACK,XL,1,5430,5430
0201INS・佐藤1枚.pdf,5,WT26046AD/483,SUMMER TCH TWILL PT,KAHAKI,S,1,6950,6950
0201INS・佐藤1枚.pdf,6,,,L.BEIGE,M,1,6950,6950
0201INS・佐藤1枚.pdf,7,,,SAGE,L,1,6950,6950
0201INS・佐藤1枚.pdf,8,,,BLACK,XL,1,6950,6950
0201INS・佐藤1枚.pdf,9,WT26321AD-EX/492,SUMMER TCH THINGS PT,KAHAKI,S,1,7680,7680
0201INS・佐藤1枚.pdf,10,,,SAGE,M,1,7680,7680
0201INS・佐藤1枚.pdf,11,,,BLACK,L,1,7680,7680
0201INS・佐藤1枚.pdf,12,,,L.BEIGE,XL,1,7680,7680
0201INS・佐藤1枚.pdf,13,WT26047AD/484,SUMMER TCH TWILL SPT,SAGE,S,1,6200,6200
0201INS・佐藤1枚.pdf,14,,,L.BEIGE,M,1,6200,6200
0201INS・佐藤1枚.pdf,15,,,BLACK,L,1,6200,6200
0201INS・佐藤1枚.pdf,16,,,KAHAKI,XL,1,6200,6200
0201INS・佐藤1枚.pdf,17,WT26020AD/456,SUPPLEX BRISK SHIRT,MIST PPL,S,1,5730,5730
0201INS・佐藤1枚.pdf,18,,,FOREST GRN,M,1,5730,5730
0201INS・佐藤1枚.pdf,19,,,DESERT,L,1,5730,5730
0201INS・佐藤1枚.pdf,20,,,BLACK,XL,1,5730,5730
0201INS・佐藤1枚(1).pdf,1,WT26031AD/481,SPACE CK STAND-UP JK,NTU,S,1,11000,11000
0201INS・佐藤1枚(1).pdf,2,,,BLU,M,1,11000,11000
0201INS・佐藤1枚(1).pdf,3,,,D.NVY,L,1,11000,11000
0201INS・佐藤1枚(1).pdf,4,,,D.NVY,XL,1,11000,11000
0201INS・佐藤1枚(1).pdf,5,WT26065AD/491,SPACE CK OVER-PT,NTU,S,1,10500,10500
0201INS・佐藤1枚(1).pdf,6,,,BLU,M,1,10500,10500
0201INS・佐藤1枚(1).pdf,7,,,D.NVY,L,1,10500,10500
0201INS・佐藤1枚(1).pdf,8,,,D.NVY,XL,1,10500,10500
0201インス・佐藤1枚（2026）.pdf,1,WT26044AD/468,LUX-SPT,GRAY,S,1,2700,2700
0201インス・佐藤1枚（2026）.pdf,2,,,OLIVE,M,1,2700,2700
0201インス・佐藤1枚（2026）.pdf,3,,,BLACK,L,1,2700,2700
0201インス・佐藤1枚（2026）.pdf,4,,,GRAY,XL,1,2700,2700
0201インス・佐藤2枚_Part1.pdf,1,WT26036AD/463,ELASTIC NYLON LAX PT,BLU,XS,1,4400,4400
0201インス・佐藤2枚_Part1.pdf,2,,,GRY,XS,1,4400,4400
0201インス・佐藤2枚_Part1.pdf,3,,,GRN,S,1,4400,4400
0201インス・佐藤2枚_Part1.pdf,4,,,BLK,M,1,4400,4400
0201インス・佐藤2枚_Part1.pdf,5,,,MTD,M,1,4400,4400
0201インス・佐藤2枚_Part1.pdf,6,,,C.GRY,L,1,4400,4400
0201インス・佐藤2枚_Part1.pdf,7,,,BEG,XL,1,4400,4400
0201インス・佐藤2枚_Part1.pdf,8,WT26035AD/462,ELASTIC NYLON DENALI SH,BLU,S,1,4100,4100
0201インス・佐藤2枚_Part1.pdf,9,,,BLK,M,1,4100,4100
0201インス・佐藤2枚_Part1.pdf,10,,,C.GRY,M,1,4100,4100
0201インス・佐藤2枚_Part1.pdf,11,,,GRY,M,1,4100,4100
0201インス・佐藤2枚_Part1.pdf,12,,,MTD,L,1,4100,4100
0201インス・佐藤2枚_Part1.pdf,13,,,GRN,XL,1,4100,4100
0201インス・佐藤2枚_Part1.pdf,14,,,BEG,XL,1,4100,4100
0201インス・佐藤2枚_Part1.pdf,15,WT26039AD/490,ELASTIC NYLON PRINT LAX SPT,SPIDER-BLK,S,1,5050,5050
0201インス・佐藤2枚_Part1.pdf,16,,,SPIDER-GRN,S,1,5050,5050
0201インス・佐藤2枚_Part1.pdf,17,,,CLIMER-GRN,M,1,5050,5050
0201インス・佐藤2枚_Part1.pdf,18,,,SPIDER-BEG,L,1,5050,5050
0201インス・佐藤2枚_Part1.pdf,19,,,CLIMER-OFF,L,1,5050,5050
0201インス・佐藤2枚_Part1.pdf,20,,,CLIMER-BLK,XL,1,5050,5050
0201インス・佐藤2枚_Part1.pdf,21,WT26038AD/489,ELASTIC NYLON PRINT LAX PT,CLIMER-OFF,XS,1,5600,5600
0201インス・佐藤2枚_Part1.pdf,22,,,CLIMER-GRN,XS,1,5600,5600
0201インス・佐藤2枚_Part1.pdf,23,,,SPIDER-GRN,S,1,5600,5600
0201インス・佐藤2枚_Part1.pdf,24,,,CLIMER-BLK,M,1,5600,5600
0201インス・佐藤2枚_Part1.pdf,25,,,SPIDER-BLK,L,1,5600,5600
0201インス・佐藤2枚_Part1.pdf,26,,,SPIDER-BEG,XL,1,5600,5600
0201インス・佐藤2枚_Part2.pdf,1,WT26041AD/465,OPEN COLLAR POKET SH,BLK,S,1,3450,3450
0201インス・佐藤2枚_Part2.pdf,2,,,GRY,M,1,3450,3450
0201インス・佐藤2枚_Part2.pdf,3,,,OLV,L,1,3450,3450
0201インス・佐藤2枚_Part2.pdf,4,,,BLK,XL,1,3450,3450
0201インス・佐藤2枚_Part2.pdf,5,,,GRY,F,1,3450,3450
0201インス・佐藤2枚(1)_Part1.pdf,1,WT26010AD/469,D/D NYLON CARGO PANTS,BLACK,S,1,5900,5900
0201インス・佐藤2枚(1)_Part1.pdf,2,,,D/CAMO,M,1,5900,5900
0201インス・佐藤2枚(1)_Part1.pdf,3,,,CEMENT,L,1,5900,5900
0201インス・佐藤2枚(1)_Part1.pdf,4,,,OLIVE,XL,1,5900,5900
0201インス・佐藤2枚(1)_Part1.pdf,5,WT26011AD/470,D/D NYLON CARGOS- PANTS,CEMENT,S,1,5500,5500
0201インス・佐藤2枚(1)_Part1.pdf,6,,,BLACK,M,1,5500,5500
0201インス・佐藤2枚(1)_Part1.pdf,7,,,D/CAMO,L,1,5500,5500
0201インス・佐藤2枚(1)_Part1.pdf,8,,,OLIVE,XL,1,5500,5500
0201インス・佐藤2枚(1)_Part1.pdf,9,WT26012AD/471,D/D NYLON OVER PT,I/BLACK,S,1,5500,5500
0201インス・佐藤2枚(1)_Part1.pdf,10,,,A/BLUE,S,1,5500,5500
0201インス・佐藤2枚(1)_Part1.pdf,11,,,OLIVE,M,1,5500,5500
0201インス・佐藤2枚(1)_Part1.pdf,12,,,CEMENT,M,1,5500,5500
0201インス・佐藤2枚(1)_Part1.pdf,13,,,C/CAMO,L,1,5500,5500
0201インス・佐藤2枚(1)_Part1.pdf,14,,,BLACK,XL,1,5500,5500
0201インス・佐藤2枚(1)_Part1.pdf,15,WT26013AD/472,D/D NYLON EASY S/PT,BLACK,S,1,5600,5600
0201インス・佐藤2枚(1)_Part1.pdf,16,,,CEMENT,M,1,5600,5600
0201インス・佐藤2枚(1)_Part1.pdf,17,,,D/CAMO,L,1,5600,5600
0201インス・佐藤2枚(1)_Part1.pdf,18,,,OLIVE,XL,1,5600,5600
0201インス・佐藤2枚(1)_Part1.pdf,19,WT26023AD/474,D/D NYLON BRISK SHIRT,DAISY,S,1,5200,5200
0201インス・佐藤2枚(1)_Part1.pdf,20,,,JASMINE,M,1,5200,5200
0201インス・佐藤2枚(1)_Part1.pdf,21,,,I/BLACK,M,1,5200,5200
0201インス・佐藤2枚(1)_Part1.pdf,22,,,CEMENT,L,1,5200,5200
0201インス・佐藤2枚(1)_Part1.pdf,23,,,A/BLUE,L,1,5200,5200
0201インス・佐藤2枚(1)_Part1.pdf,24,,,BLACK,XL,1,5200,5200
0201インス・佐藤2枚(1)_Part2.pdf,1,WT26024AD/476,D/D NYLON BROSK SHORTS,DAISY,S,1,5800,5800
0201インス・佐藤2枚(1)_Part2.pdf,2,,,I/BLK,M,1,5800,5800
0201インス・佐藤2枚(1)_Part2.pdf,3,,,A/BLUE,L,1,5800,5800
0201インス・佐藤2枚(1)_Part2.pdf,4,,,JUSMINE,XL,1,5800,5800
0201インス・佐藤2枚(1)_Part2.pdf,5,WT26323AD-BS/495,D/D NYLON CAGO SHORTS,OLIVE,XS,1,5000,5000
0201インス・佐藤2枚(1)_Part2.pdf,6,,,BLACK,S,1,5000,5000
0201インス・佐藤2枚(1)_Part2.pdf,7,,,BLACK,L,1,5000,5000
0201インス・佐藤2枚(1)_Part2.pdf,8,,,OLIVE,XL,1,5000,5000
0204インス_岡部.pdf,1,BMC26SS001C,OPEN COLLAR L/S SHIRTS,CHECK RED,S+M+L,24,5620,134880
0204インス_岡部.pdf,2,BMC26SS001C,OPEN COLLAR L/S SHIRTS,CHECK BLACK,S+M+L,87,5620,488940
0204インス_岡部.pdf,3,BMC26SS001T,OPEN COLLAR L/S SHIRTS,CHECK BLUE,S+M+L,64,5620,359680
0204インス_岡部.pdf,4,BMC26SS001T,OPEN COLLAR L/S SHIRTS,CHECK GREEN,S+M+L,58,5620,325960
0204インス_岡部.pdf,5,BMC26SS001T,OPEN COLLAR L/S SHIRTS,CHECK WHITE,S+M+L,30,5620,168600
0205インス・佐藤2枚_Part1.pdf,1,BIG-239-VL,LIGHT DENIM WORK JK,BLACK,S,7,8280,57960
0205インス・佐藤2枚_Part1.pdf,2,,,BLACK,M,31,8280,256680
0205インス・佐藤2枚_Part1.pdf,3,,,BLACK,L,19,8280,157320
0205インス・佐藤2枚_Part1.pdf,4,BIG-239-VL,LIGHT DENIM WORK JK,BROWN,S,2,8280,16560
0205インス・佐藤2枚_Part1.pdf,5,,,BROWN,M,8,8280,66240
0205インス・佐藤2枚_Part1.pdf,6,,,BROWN,L,5,8280,41400
0205インス・佐藤2枚_Part1.pdf,7,BIG-239-WL,LIGHT CHINO WORK JK,BLACK,M,17,8530,145010
0205インス・佐藤2枚_Part1.pdf,8,,,BLACK,L,16,8530,136480
0205インス・佐藤2枚_Part1.pdf,9,,,BROWN,M,14,8530,119420
0205インス・佐藤2枚_Part1.pdf,10,,,BROWN,L,11,8530,93830
0205インス・佐藤2枚_Part1.pdf,11,BIG-217-O,DENIM COVERALL,ONE WASH,S,18,7020,126360
0205インス・佐藤2枚_Part1.pdf,12,,,ONE WASH,M,6,7020,42120
0205インス・佐藤2枚_Part1.pdf,13,BIG-217-V,DENIM COVERALL,VINTAGE,S,12,7700,92400
0205インス・佐藤2枚_Part1.pdf,14,,,VINTAGE,M,8,7700,61600
0205インス・佐藤2枚_Part1.pdf,15,,,VINTAGE,L,6,7700,46200
0205インス・佐藤2枚_Part1.pdf,16,BIG-217-H,DENIM COVERALL,HICKORY,S,12,7700,92400
0205インス・佐藤2枚_Part1.pdf,17,,,HICKORY,M,27,7700,207900
0205インス・佐藤2枚_Part1.pdf,18,,,HICKORY,L,18,7700,138600
0205インス・佐藤2枚_Part1.pdf,19,BIG-219-O,DENIM ENGINEER JACKET,ONE WASH,S,11,6580,72380
0205インス・佐藤2枚_Part1.pdf,20,,,ONE WASH,M,24,6580,157920
0205インス・佐藤2枚_Part1.pdf,21,,,ONE WASH,L,16,6580,105280
0205インス・佐藤2枚_Part1.pdf,22,BIG-219-LB,DENIM ENGINEER JACKET,L.BLUE,S,13,6820,88660
0205インス・佐藤2枚_Part1.pdf,23,,,L.BLUE,M,20,6820,136400
0205インス・佐藤2枚_Part1.pdf,24,,,L.BLUE,L,12,6820,81840
0205インス・佐藤2枚_Part1.pdf,25,BIG-219-V,DENIM ENGINEER JACKET,VITANGE,S,7,7260,50820
0205インス・佐藤2枚_Part1.pdf,26,,,VITANGE,M,13,7260,94380
0205インス・佐藤2枚_Part1.pdf,27,,,VITANGE,L,12,7260,87120
0205インス・佐藤2枚_Part1.pdf,28,BIG-219-H,DENIM ENGINEER JACKET,HICKORY,S,6,7260,43560
0205インス・佐藤2枚_Part1.pdf,29,,,HICKORY,M,11,7260,79860
0205インス・佐藤2枚_Part1.pdf,30,,,HICKORY,L,12,7260,87120
0205インス・佐藤2枚_Part2.pdf,1,BIG-218-O,DENIM PEINTER PANTS,ONE WASH,S,27,6440,173880
0205インス・佐藤2枚_Part2.pdf,2,,,ONE WASH,M,23,6440,148120
0205インス・佐藤2枚_Part2.pdf,3,,,ONE WASH,L,10,6440,64400
0205インス・佐藤2枚_Part2.pdf,4,BIG-218-LB,DENIM PEINTER PANTS,L.BLUE,S,21,6680,140280
0205インス・佐藤2枚_Part2.pdf,5,,,L.BLUE,M,18,6680,120240
0205インス・佐藤2枚_Part2.pdf,6,,,L.BLUE,L,11,6680,73480
0205インス・佐藤2枚_Part2.pdf,7,BIG-218-V,DENIM PEINTER PANTS,VINTAGE,S,14,7120,99680
0205インス・佐藤2枚_Part2.pdf,8,,,VINTAGE,M,25,7120,178000
0205インス・佐藤2枚_Part2.pdf,9,,,VINTAGE,L,16,7120,113920
0205インス・佐藤2枚_Part2.pdf,10,BIG-218-H,DENIM PEINTER PANTS,HICKORY,S,6,7120,42720
0205インス・佐藤2枚_Part2.pdf,11,,,HICKORY,M,14,7120,99680
0205インス・佐藤2枚_Part2.pdf,12,,,HICKORY,L,9,7120,64080
0205インス・佐藤2枚_Part2.pdf,13,BIG-234-SR,JUNPER SK,BLUE,M,49,9100,445900
0205インス・佐藤2枚_Part2.pdf,14,(SARO別注分),,BLUE,L,46,9100,418600
0217インス・佐藤21枚_Part1.pdf,1,WT26037AD/464,ELASTIC NYLON SHORTS,BEIGE,S,6,4950,29700
0217インス・佐藤21枚_Part1.pdf,2,,,BEIGE,M,8,4950,39600
0217インス・佐藤21枚_Part1.pdf,3,,,BEIGE,L,10,4950,49500
0217インス・佐藤21枚_Part1.pdf,4,,,BEIGE,XL,6,4950,29700
0217インス・佐藤21枚_Part1.pdf,5,,,MUSTUARD,S,3,4950,14850
0217インス・佐藤21枚_Part1.pdf,6,,,MUSTUARD,M,6,4950,29700
0217インス・佐藤21枚_Part1.pdf,7,,,MUSTUARD,L,6,4950,29700
0217インス・佐藤21枚_Part1.pdf,8,,,MUSTUARD,XL,3,4950,14850
0217インス・佐藤21枚_Part1.pdf,9,,,BLACK,S,5,4950,24750
0217インス・佐藤21枚_Part1.pdf,10,,,BLACK,M,14,4950,69300
0217インス・佐藤21枚_Part1.pdf,11,,,BLACK,L,15,4950,74250
0217インス・佐藤21枚_Part1.pdf,12,,,BLACK,XL,7,4950,34650
0217インス・佐藤21枚_Part1.pdf,13,,,GREEN,S,4,4950,19800
0217インス・佐藤21枚_Part1.pdf,14,,,GREEN,M,7,4950,34650
0217インス・佐藤21枚_Part1.pdf,15,,,GREEN,L,5,4950,24750
0217インス・佐藤21枚_Part1.pdf,16,,,GREEN,XL,4,4950,19800
0217インス・佐藤21枚_Part1.pdf,17,,,BLUE,S,4,4950,19800
0217インス・佐藤21枚_Part1.pdf,18,,,BLUE,M,8,4950,39600
0217インス・佐藤21枚_Part1.pdf,19,,,BLUE,L,6,4950,29700
0217インス・佐藤21枚_Part1.pdf,20,,,BLUE,XL,5,4950,24750
0217インス・佐藤21枚_Part1.pdf,21,,,GRAY,S,5,4950,24750
0217インス・佐藤21枚_Part1.pdf,22,,,GRAY,M,8,4950,39600
0217インス・佐藤21枚_Part1.pdf,23,,,GRAY,L,8,4950,39600
0217インス・佐藤21枚_Part1.pdf,24,,,GRAY,XL,3,4950,14850
0217インス・佐藤21枚_Part3.pdf,1,WT26043AD/467,MOTION PANTS,BLACK,S,18,2950,53100
0217インス・佐藤21枚_Part3.pdf,2,,,BLACK,M,111,2950,327450
0217インス・佐藤21枚_Part3.pdf,3,,,BLACK,L,88,2950,259600
0217インス・佐藤21枚_Part3.pdf,4,,,BLACK,XL,24,2950,70800
0217インス・佐藤21枚_Part3.pdf,5,,,GREY,S,11,2950,32450
0217インス・佐藤21枚_Part3.pdf,6,,,GREY,M,96,2950,283200
0217インス・佐藤21枚_Part3.pdf,7,,,GREY,L,67,2950,197650
0217インス・佐藤21枚_Part3.pdf,8,,,GREY,XL,21,2950,61950
0217インス・佐藤21枚_Part3.pdf,9,,,OLIVE,S,5,2950,14750
0217インス・佐藤21枚_Part3.pdf,10,,,OLIVE,M,21,2950,61950
0217インス・佐藤21枚_Part3.pdf,11,,,OLIVE,L,22,2950,64900
0217インス・佐藤21枚_Part3.pdf,12,,,OLIVE,XL,12,2950,35400
0217インス・佐藤21枚_Part3.pdf,13,WT26024AD/476,D/D NYLON BROSK SHORTS,JUSMINE,S,5,5800,29000
0217インス・佐藤21枚_Part3.pdf,14,,,JUSMINE,M,12,5800,69600
0217インス・佐藤21枚_Part3.pdf,15,,,JUSMINE,L,8,5800,46400
0217インス・佐藤21枚_Part3.pdf,16,,,JUSMINE,XL,3,5800,17400
0217インス・佐藤21枚_Part3.pdf,17,,,DAISY,S,2,5800,11600
0217インス・佐藤21枚_Part3.pdf,18,,,DAISY,M,7,5800,40600
0217インス・佐藤21枚_Part3.pdf,19,,,DAISY,L,6,5800,34800
0217インス・佐藤21枚_Part3.pdf,20,,,DAISY,XL,3,5800,17400
0217インス・佐藤21枚_Part3.pdf,21,,,A/BLUE,S,5,5800,29000
0217インス・佐藤21枚_Part3.pdf,22,,,A/BLUE,M,10,5800,58000
0217インス・佐藤21枚_Part3.pdf,23,,,A/BLUE,L,11,5800,63800
0217インス・佐藤21枚_Part3.pdf,24,,,A/BLUE,XL,4,5800,23200
0217インス・佐藤21枚_Part3.pdf,25,,,I/BLK,S,7,5800,40600
0217インス・佐藤21枚_Part3.pdf,26,,,I/BLK,M,14,5800,81200
0217インス・佐藤21枚_Part3.pdf,27,,,I/BLK,L,15,5800,87000
0217インス・佐藤21枚_Part3.pdf,28,,,I/BLK,XL,4,5800,23200
0217インス・佐藤21枚_Part5.pdf,1,WT26039AD/490,ELASTIC NYLON PRINT LAX SPT,SPIDER-BLK,S,16,5050,80800
0217インス・佐藤21枚_Part5.pdf,2,,,SPIDER-BLK,M,37,5050,186850
0217インス・佐藤21枚_Part5.pdf,3,,,SPIDER-BLK,L,33,5050,166650
0217インス・佐藤21枚_Part5.pdf,4,,,SPIDER-BLK,XL,8,5050,40400
0217インス・佐藤21枚_Part5.pdf,5,,,SPIDER-BEG,S,5,5050,25250
0217インス・佐藤21枚_Part5.pdf,6,,,SPIDER-BEG,M,8,5050,40400
0217インス・佐藤21枚_Part5.pdf,7,,,SPIDER-BEG,L,6,5050,30300
0217インス・佐藤21枚_Part5.pdf,8,,,SPIDER-BEG,XL,4,5050,20200
0217インス・佐藤21枚_Part5.pdf,9,,,SPIDER-GRN,S,4,5050,20200
0217インス・佐藤21枚_Part5.pdf,10,,,SPIDER-GRN,M,10,5050,50500
0217インス・佐藤21枚_Part5.pdf,11,,,SPIDER-GRN,L,11,5050,55550
0217インス・佐藤21枚_Part5.pdf,12,,,SPIDER-GRN,XL,5,5050,25250
0217インス・佐藤21枚_Part5.pdf,13,,,CLIMER-BLK,S,10,5050,50500
0217インス・佐藤21枚_Part5.pdf,14,,,CLIMER-BLK,M,15,5050,75750
0217インス・佐藤21枚_Part5.pdf,15,,,CLIMER-BLK,L,12,5050,60600
0217インス・佐藤21枚_Part5.pdf,16,,,CLIMER-BLK,XL,6,5050,30300
0217インス・佐藤21枚_Part5.pdf,17,,,CLIMER-OFF,S,6,5050,30300
0217インス・佐藤21枚_Part5.pdf,18,,,CLIMER-OFF,M,11,5050,55550
0217インス・佐藤21枚_Part5.pdf,19,,,CLIMER-OFF,L,11,5050,55550
0217インス・佐藤21枚_Part5.pdf,20,,,CLIMER-OFF,XL,5,5050,25250
0217インス・佐藤21枚_Part5.pdf,21,,,CLIMER-GRN,S,6,5050,30300
0217インス・佐藤21枚_Part5.pdf,22,,,CLIMER-GRN,M,9,5050,45450
0217インス・佐藤21枚_Part5.pdf,23,,,CLIMER-GRN,L,8,5050,40400
0217インス・佐藤21枚_Part5.pdf,24,,,CLIMER-GRN,XL,4,5050,20200
0217インス・佐藤21枚_Part7.pdf,1,WT26035AD/462,ELASTIC NYLON DENALI SH,BLK,S,53,4100,217300
0217インス・佐藤21枚_Part7.pdf,2,,,BLK,M,193,4100,791300
0217インス・佐藤21枚_Part7.pdf,3,,,BLK,L,140,4100,574000
0217インス・佐藤21枚_Part7.pdf,4,,,BLK,XL,40,4100,164000
0217インス・佐藤21枚_Part7.pdf,5,,,BEG,S,41,4100,168100
0217インス・佐藤21枚_Part7.pdf,6,,,BEG,M,162,4100,664200
0217インス・佐藤21枚_Part7.pdf,7,,,BEG,L,118,4100,483800
0217インス・佐藤21枚_Part7.pdf,8,,,BEG,XL,28,4100,114800
0217インス・佐藤21枚_Part7.pdf,9,,,C.GRY,S,12,4100,49200
0217インス・佐藤21枚_Part7.pdf,10,,,C.GRY,M,21,4100,86100
0217インス・佐藤21枚_Part7.pdf,11,,,C.GRY,L,22,4100,90200
0217インス・佐藤21枚_Part7.pdf,12,,,C.GRY,XL,12,4100,49200
0217インス・佐藤21枚_Part7.pdf,13,,,GRY,S,4,4100,16400
0217インス・佐藤21枚_Part7.pdf,14,,,GRY,M,11,4100,45100
0217インス・佐藤21枚_Part7.pdf,15,,,GRY,L,10,4100,41000
0217インス・佐藤21枚_Part7.pdf,16,,,GRY,XL,4,4100,16400
0217インス・佐藤21枚_Part7.pdf,17,,,GRN,S,4,4100,16400
0217インス・佐藤21枚_Part7.pdf,18,,,GRN,M,6,4100,24600
0217インス・佐藤21枚_Part7.pdf,19,,,GRN,L,6,4100,24600
0217インス・佐藤21枚_Part7.pdf,20,,,GRN,XL,3,4100,12300
0217インス・佐藤21枚_Part7.pdf,21,,,BLU,S,3,4100,12300
0217インス・佐藤21枚_Part7.pdf,22,,,BLU,M,11,4100,45100
0217インス・佐藤21枚_Part7.pdf,23,,,BLU,L,9,4100,36900
0217インス・佐藤21枚_Part7.pdf,24,,,BLU,XL,4,4100,16400
0217インス・佐藤21枚_Part7.pdf,25,,,MTD,S,4,4100,16400
0217インス・佐藤21枚_Part7.pdf,26,,,MTD,M,6,4100,24600
0217インス・佐藤21枚_Part7.pdf,27,,,MTD,L,5,4100,20500
0217インス・佐藤21枚_Part7.pdf,28,,,MTD,XL,4,4100,16400
0217インス・佐藤21枚_Part8.pdf,1,WT26020AD/456,SUPPLEX BRISK SHIRT,BLACK,S,6,5730,34380
0217インス・佐藤21枚_Part8.pdf,2,,,BLACK,M,15,5730,85950
0217インス・佐藤21枚_Part8.pdf,3,,,BLACK,L,13,5730,74490
0217インス・佐藤21枚_Part8.pdf,4,,,BLACK,XL,3,5730,17190
0217インス・佐藤21枚_Part8.pdf,5,,,FOREST GRN,S,5,5730,28650
0217インス・佐藤21枚_Part8.pdf,6,,,FOREST GRN,M,7,5730,40110
0217インス・佐藤21枚_Part8.pdf,7,,,FOREST GRN,L,7,5730,40110
0217インス・佐藤21枚_Part8.pdf,8,,,FOREST GRN,XL,4,5730,22920
0217インス・佐藤21枚_Part8.pdf,9,,,MIST PPL,S,3,5730,17190
0217インス・佐藤21枚_Part8.pdf,10,,,MIST PPL,M,8,5730,45840
0217インス・佐藤21枚_Part8.pdf,11,,,MIST PPL,L,8,5730,45840
0217インス・佐藤21枚_Part8.pdf,12,,,MIST PPL,XL,4,5730,22920
0217インス・佐藤21枚_Part8.pdf,13,,,DESERT,S,5,5730,28650
0217インス・佐藤21枚_Part8.pdf,14,,,DESERT,M,10,5730,57300
0217インス・佐藤21枚_Part8.pdf,15,,,DESERT,L,7,5730,40110
0217インス・佐藤21枚_Part8.pdf,16,,,DESERT,XL,4,5730,22920
0217インス・佐藤21枚_Part8.pdf,17,WT26020AD/456,SUPPLEX BRISK SHIRT (中国分),FOREST GRN,M,2,5730,11460
0217インス・佐藤21枚_Part8.pdf,18,,,FOREST GRN,L,2,5730,11460
0217インス・佐藤21枚_Part8.pdf,19,,,MIST PPL,M,2,5730,11460
0217インス・佐藤21枚_Part8.pdf,20,,,MIST PPL,L,2,5730,11460
0217インス・佐藤21枚_Part8.pdf,21,,,MIST PPL,XL,1,5730,5730
0217インス・佐藤21枚_Part8.pdf,22,WT26036AD/463別注①,ELASTIC NYLON LAX PT,CHACOAL,M,45,4400,198000
0217インス・佐藤21枚_Part8.pdf,23,,,CHACOAL,L,29,4400,127600
0217インス・佐藤21枚_Part8.pdf,24,WT26036AD/463別注②,ELASTIC NYLON LAX PT,C.GRY,S,13,4400,57200
0217インス・佐藤21枚_Part8.pdf,25,,,C.GRY,M,19,4400,83600
0217インス・佐藤21枚_Part8.pdf,26,,,C.GRY,L,16,4400,70400
0217インス・佐藤21枚_Part8.pdf,27,,,C.GRY,XL,12,4400,52800
0217インス・佐藤21枚_Part9.pdf,1,WT26036AD/463,ELASTIC NYLON LAX PT,BLK,S,52,4400,228800
0217インス・佐藤21枚_Part9.pdf,2,,,BLK,M,152,4400,668800
0217インス・佐藤21枚_Part9.pdf,3,,,BLK,L,122,4400,536800
0217インス・佐藤21枚_Part9.pdf,4,,,BLK,XL,44,4400,193600
0217インス・佐藤21枚_Part9.pdf,5,,,BLK,XS,19,4400,83600
0217インス・佐藤21枚_Part9.pdf,6,,,GRN,S,18,4400,79200
0217インス・佐藤21枚_Part9.pdf,7,,,GRN,M,16,4400,70400
0217インス・佐藤21枚_Part9.pdf,8,,,GRN,L,16,4400,70400
0217インス・佐藤21枚_Part9.pdf,9,,,GRN,XL,7,4400,30800
0217インス・佐藤21枚_Part9.pdf,10,,,GRN,XS,12,4400,52800
0217インス・佐藤21枚_Part9.pdf,11,,,GRY,S,24,4400,105600
0217インス・佐藤21枚_Part9.pdf,12,,,GRY,M,39,4400,171600
0217インス・佐藤21枚_Part9.pdf,13,,,GRY,L,30,4400,132000
0217インス・佐藤21枚_Part9.pdf,14,,,GRY,XL,13,4400,57200
0217インス・佐藤21枚_Part9.pdf,15,,,GRY,XS,14,4400,61600
0217インス・佐藤21枚_Part9.pdf,16,,,MTD,S,8,4400,35200
0217インス・佐藤21枚_Part9.pdf,17,,,MTD,M,9,4400,39600
0217インス・佐藤21枚_Part9.pdf,18,,,MTD,L,10,4400,44000
0217インス・佐藤21枚_Part9.pdf,19,,,MTD,XL,4,4400,17600
0217インス・佐藤21枚_Part9.pdf,20,,,MTD,XS,9,4400,39600
0217インス・佐藤21枚_Part9.pdf,21,,,BLU,S,17,4400,74800
0217インス・佐藤21枚_Part9.pdf,22,,,BLU,M,22,4400,96800
0217インス・佐藤21枚_Part9.pdf,23,,,BLU,L,19,4400,83600
0217インス・佐藤21枚_Part9.pdf,24,,,BLU,XL,8,4400,35200
0217インス・佐藤21枚_Part9.pdf,25,,,BLU,XS,10,4400,44000
0217インス・佐藤21枚_Part9.pdf,26,,,BEG,S,17,4400,74800
0217インス・佐藤21枚_Part9.pdf,27,,,BEG,M,31,4400,136400
0217インス・佐藤21枚_Part9.pdf,28,,,BEG,L,31,4400,136400
0217インス・佐藤21枚_Part9.pdf,29,,,BEG,XL,14,4400,61600
0217インス・佐藤21枚_Part9.pdf,30,,,BEG,XS,11,4400,48400
0217インス・佐藤21枚_Part10.pdf,1,WT26041AD/465,OPEN COLLAR POKET SH,BLK,S,22,3450,75900
0217インス・佐藤21枚_Part10.pdf,2,,,BLK,M,120,3450,414000
0217インス・佐藤21枚_Part10.pdf,3,,,BLK,L,94,3450,324300
0217インス・佐藤21枚_Part10.pdf,4,,,BLK,XL,23,3450,79350
0217インス・佐藤21枚_Part10.pdf,5,,,GRY,S,19,3450,65550
0217インス・佐藤21枚_Part10.pdf,6,,,GRY,M,103,3450,355350
0217インス・佐藤21枚_Part10.pdf,7,,,GRY,L,82,3450,282900
0217インス・佐藤21枚_Part10.pdf,8,,,GRY,XL,20,3450,69000
0217インス・佐藤21枚_Part10.pdf,9,,,GRY,F,75,3450,258750
0217インス・佐藤21枚_Part10.pdf,10,,,OLV,S,6,3450,20700
0217インス・佐藤21枚_Part10.pdf,11,,,OLV,M,16,3450,55200
0217インス・佐藤21枚_Part10.pdf,12,,,OLV,L,18,3450,62100
0217インス・佐藤21枚_Part10.pdf,13,,,OLV,XL,10,3450,34500
0217インス・佐藤21枚_Part10.pdf,14,WT26044AD/468,LUX-SPT,BLK,S,13,2700,35100
0217インス・佐藤21枚_Part10.pdf,15,,,BLK,M,70,2700,189000
0217インス・佐藤21枚_Part10.pdf,16,,,BLK,L,65,2700,175500
0217インス・佐藤21枚_Part10.pdf,17,,,BLK,XL,32,2700,86400
0217インス・佐藤21枚_Part10.pdf,18,,,GRY,S,10,2700,27000
0217インス・佐藤21枚_Part10.pdf,19,,,GRY,M,43,2700,116100
0217インス・佐藤21枚_Part10.pdf,20,,,GRY,L,40,2700,108000
0217インス・佐藤21枚_Part10.pdf,21,,,GRY,XL,21,2700,56700
0217インス・佐藤21枚_Part10.pdf,22,,,OLV,S,10,2700,27000
0217インス・佐藤21枚_Part10.pdf,23,,,OLV,M,22,2700,59400
0217インス・佐藤21枚_Part10.pdf,24,,,OLV,L,30,2700,81000
0217インス・佐藤21枚_Part10.pdf,25,,,OLV,XL,10,2700,27000
0217インス・佐藤21枚_Part11.pdf,1,WT26047AD/484,SUMMER TCH TWILL SPT,BLACK,S,2,6200,12400
0217インス・佐藤21枚_Part11.pdf,2,,,BLACK,M,12,6200,74400
0217インス・佐藤21枚_Part11.pdf,3,,,BLACK,L,11,6200,68200
0217インス・佐藤21枚_Part11.pdf,4,,,BLACK,XL,2,6200,12400
0217インス・佐藤21枚_Part11.pdf,5,,,SAGE,S,1,6200,6200
0217インス・佐藤21枚_Part11.pdf,6,,,SAGE,M,8,6200,49600
0217インス・佐藤21枚_Part11.pdf,7,,,SAGE,L,8,6200,49600
0217インス・佐藤21枚_Part11.pdf,8,,,SAGE,XL,2,6200,12400
0217インス・佐藤21枚_Part11.pdf,9,,,KAHAKI,S,2,6200,12400
0217インス・佐藤21枚_Part11.pdf,10,,,KAHAKI,M,10,6200,62000
0217インス・佐藤21枚_Part11.pdf,11,,,KAHAKI,L,10,6200,62000
0217インス・佐藤21枚_Part11.pdf,12,,,KAHAKI,XL,1,6200,6200
0217インス・佐藤21枚_Part11.pdf,13,,,L.BEIGE,S,2,6200,12400
0217インス・佐藤21枚_Part11.pdf,14,,,L.BEIGE,M,5,6200,31000
0217インス・佐藤21枚_Part11.pdf,15,,,L.BEIGE,L,6,6200,37200
0217インス・佐藤21枚_Part11.pdf,16,,,L.BEIGE,XL,2,6200,12400
0217インス・佐藤21枚_Part11.pdf,17,WT26031AD/481,SPACE CK STAND-UP JK,D.NVY,S,21,11000,231000
0217インス・佐藤21枚_Part11.pdf,18,,,D.NVY,M,29,11000,319000
0217インス・佐藤21枚_Part11.pdf,19,,,D.NVY,L,10,11000,110000
0217インス・佐藤21枚_Part11.pdf,20,,,D.NVY,XL,3,11000,33000
0217インス・佐藤21枚_Part11.pdf,21,,,BLU,S,2,11000,22000
0217インス・佐藤21枚_Part11.pdf,22,,,BLU,M,4,11000,44000
0217インス・佐藤21枚_Part11.pdf,23,,,BLU,L,5,11000,55000
0217インス・佐藤21枚_Part11.pdf,24,,,BLU,XL,2,11000,22000
0217インス・佐藤21枚_Part11.pdf,25,,,NTU,S,2,11000,22000
0217インス・佐藤21枚_Part11.pdf,26,,,NTU,M,8,11000,88000
0217インス・佐藤21枚_Part11.pdf,27,,,NTU,L,8,11000,88000
0217インス・佐藤21枚_Part11.pdf,28,,,NTU,XL,2,11000,22000
0217インス・佐藤21枚_Part12.pdf,1,WT26321AD-EX/492,SUMMER TCH THINGS PT,BLACK,S,4,7680,30720
0217インス・佐藤21枚_Part12.pdf,2,,,BLACK,M,15,7680,115200
0217インス・佐藤21枚_Part12.pdf,3,,,BLACK,L,14,7680,107520
0217インス・佐藤21枚_Part12.pdf,4,,,BLACK,XL,4,7680,30720
0217インス・佐藤21枚_Part12.pdf,5,,,SAGE,S,3,7680,23040
0217インス・佐藤21枚_Part12.pdf,6,,,SAGE,M,9,7680,69120
0217インス・佐藤21枚_Part12.pdf,7,,,SAGE,L,9,7680,69120
0217インス・佐藤21枚_Part12.pdf,8,,,SAGE,XL,4,7680,30720
0217インス・佐藤21枚_Part12.pdf,9,,,KAHAKI,S,2,7680,15360
0217インス・佐藤21枚_Part12.pdf,10,,,KAHAKI,M,6,7680,46080
0217インス・佐藤21枚_Part12.pdf,11,,,KAHAKI,L,6,7680,46080
0217インス・佐藤21枚_Part12.pdf,12,,,KAHAKI,XL,3,7680,23040
0217インス・佐藤21枚_Part12.pdf,13,,,L.BEIGE,S,3,7680,23040
0217インス・佐藤21枚_Part12.pdf,14,,,L.BEIGE,M,6,7680,46080
0217インス・佐藤21枚_Part12.pdf,15,,,L.BEIGE,L,5,7680,38400
0217インス・佐藤21枚_Part12.pdf,16,,,L.BEIGE,XL,2,7680,15360
0217インス・佐藤21枚_Part12.pdf,17,WT26065AD/491,SPACE CK OVER-PT,D.NVY,S,6,10500,63000
0217インス・佐藤21枚_Part12.pdf,18,,,D.NVY,M,18,10500,189000
0217インス・佐藤21枚_Part12.pdf,19,,,D.NVY,L,15,10500,157500
0217インス・佐藤21枚_Part12.pdf,20,,,D.NVY,XL,3,10500,31500
0217インス・佐藤21枚_Part12.pdf,21,,,BLU,S,3,10500,31500
0217インス・佐藤21枚_Part12.pdf,22,,,BLU,M,7,10500,73500
0217インス・佐藤21枚_Part12.pdf,23,,,BLU,L,8,10500,84000
0217インス・佐藤21枚_Part12.pdf,24,,,BLU,XL,1,10500,10500
0217インス・佐藤21枚_Part12.pdf,25,,,NUT,S,3,10500,31500
0217インス・佐藤21枚_Part12.pdf,26,,,NUT,M,9,10500,94500
0217インス・佐藤21枚_Part12.pdf,27,,,NUT,L,9,10500,94500
0217インス・佐藤21枚_Part12.pdf,28,,,NUT,XL,3,10500,31500
0217インス・佐藤21枚_Part13.pdf,1,WT26046AD/483,SUMMER TCH TWILL PT,BLACK,S,12,6950,83400
0217インス・佐藤21枚_Part13.pdf,2,,,BLACK,M,26,6950,180700
0217インス・佐藤21枚_Part13.pdf,3,,,BLACK,L,24,6950,166800
0217インス・佐藤21枚_Part13.pdf,4,,,BLACK,XL,5,6950,34750
0217インス・佐藤21枚_Part13.pdf,5,,,SAGE,S,12,6950,83400
0217インス・佐藤21枚_Part13.pdf,6,,,SAGE,M,20,6950,139000
0217インス・佐藤21枚_Part13.pdf,7,,,SAGE,L,16,6950,111200
0217インス・佐藤21枚_Part13.pdf,8,,,SAGE,XL,4,6950,27800
0217インス・佐藤21枚_Part13.pdf,9,,,KAHAKI,S,9,6950,62550
0217インス・佐藤21枚_Part13.pdf,10,,,KAHAKI,M,20,6950,139000
0217インス・佐藤21枚_Part13.pdf,11,,,KAHAKI,L,20,6950,139000
0217インス・佐藤21枚_Part13.pdf,12,,,KAHAKI,XL,4,6950,27800
0217インス・佐藤21枚_Part13.pdf,13,,,L.BEIGE,S,10,6950,69500
0217インス・佐藤21枚_Part13.pdf,14,,,L.BEIGE,M,17,6950,118150
0217インス・佐藤21枚_Part13.pdf,15,,,L.BEIGE,L,15,6950,104250
0217インス・佐藤21枚_Part13.pdf,16,,,L.BEIGE,XL,4,6950,27800
0217インス・佐藤21枚_Part14.pdf,1,WT26021AD/458,SUPPLEX BRISK SHORTS,BLACK,S,7,5430,38010
0217インス・佐藤21枚_Part14.pdf,2,,,BLACK,M,19,5430,103170
0217インス・佐藤21枚_Part14.pdf,3,,,BLACK,L,19,5430,103170
0217インス・佐藤21枚_Part14.pdf,4,,,BLACK,XL,11,5430,59730
0217インス・佐藤21枚_Part14.pdf,5,,,FOREST GRN,S,5,5430,27150
0217インス・佐藤21枚_Part14.pdf,6,,,FOREST GRN,M,10,5430,54300
0217インス・佐藤21枚_Part14.pdf,7,,,FOREST GRN,L,10,5430,54300
0217インス・佐藤21枚_Part14.pdf,8,,,FOREST GRN,XL,7,5430,38010
0217インス・佐藤21枚_Part14.pdf,9,,,DESERT,S,7,5430,38010
0217インス・佐藤21枚_Part14.pdf,10,,,DESERT,M,15,5430,81450
0217インス・佐藤21枚_Part14.pdf,11,,,DESERT,L,15,5430,81450
0217インス・佐藤21枚_Part14.pdf,12,,,DESERT,XL,11,5430,59730
0217インス・佐藤21枚_Part14.pdf,13,,,MIST PPL,S,4,5430,21720
0217インス・佐藤21枚_Part14.pdf,14,,,MIST PPL,M,8,5430,43440
0217インス・佐藤21枚_Part14.pdf,15,,,MIST PPL,L,7,5430,38010
0217インス・佐藤21枚_Part14.pdf,16,,,MIST PPL,XL,5,5430,27150
0217インス・佐藤21枚_Part15.pdf,1,WT26013AD/472,D/D NYLON EASY S/PT (中国分),BLACK,S,1,5600,5600
0217インス・佐藤21枚_Part15.pdf,2,,,BLACK,M,2,5600,11200
0217インス・佐藤21枚_Part15.pdf,3,,,BLACK,L,2,5600,11200
0217インス・佐藤21枚_Part15.pdf,4,,,BLACK,XL,1,5600,5600
0217インス・佐藤21枚_Part15.pdf,5,,,OLIVE,S,1,5600,5600
0217インス・佐藤21枚_Part15.pdf,6,,,OLIVE,M,2,5600,11200
0217インス・佐藤21枚_Part15.pdf,7,,,OLIVE,L,2,5600,11200
0217インス・佐藤21枚_Part15.pdf,8,,,OLIVE,XL,1,5600,5600
0217インス・佐藤21枚_Part15.pdf,9,,,CEMENT,S,1,5600,5600
0217インス・佐藤21枚_Part15.pdf,10,,,CEMENT,M,2,5600,11200
0217インス・佐藤21枚_Part15.pdf,11,,,CEMENT,L,2,5600,11200
0217インス・佐藤21枚_Part15.pdf,12,,,CEMENT,XL,1,5600,5600
0217インス・佐藤21枚_Part15.pdf,13,,,D/CAMO,S,1,5600,5600
0217インス・佐藤21枚_Part15.pdf,14,,,D/CAMO,M,2,5600,11200
0217インス・佐藤21枚_Part15.pdf,15,,,D/CAMO,L,2,5600,11200
0217インス・佐藤21枚_Part15.pdf,16,,,D/CAMO,XL,1,5600,5600
0217インス・佐藤21枚_Part16.pdf,1,WT26013AD/472,D/D NYLON EASY S/PT,BLACK,S,4,5600,22400
0217インス・佐藤21枚_Part16.pdf,2,,,BLACK,M,9,5600,50400
0217インス・佐藤21枚_Part16.pdf,3,,,BLACK,L,10,5600,56000
0217インス・佐藤21枚_Part16.pdf,4,,,BLACK,XL,4,5600,22400
0217インス・佐藤21枚_Part16.pdf,5,,,OLIVE,S,6,5600,33600
0217インス・佐藤21枚_Part16.pdf,6,,,OLIVE,M,8,5600,44800
0217インス・佐藤21枚_Part16.pdf,7,,,OLIVE,L,7,5600,39200
0217インス・佐藤21枚_Part16.pdf,8,,,OLIVE,XL,2,5600,11200
0217インス・佐藤21枚_Part16.pdf,9,,,CEMENT,S,5,5600,28000
0217インス・佐藤21枚_Part16.pdf,10,,,CEMENT,M,6,5600,33600
0217インス・佐藤21枚_Part16.pdf,11,,,CEMENT,L,7,5600,39200
0217インス・佐藤21枚_Part16.pdf,12,,,CEMENT,XL,4,5600,22400
0217インス・佐藤21枚_Part16.pdf,13,,,D/CAMO,S,6,5600,33600
0217インス・佐藤21枚_Part16.pdf,14,,,D/CAMO,M,10,5600,56000
0217インス・佐藤21枚_Part16.pdf,15,,,D/CAMO,L,8,5600,44800
0217インス・佐藤21枚_Part16.pdf,16,,,D/CAMO,XL,4,5600,22400
0217インス・佐藤21枚_Part17.pdf,1,WT26023AD/474,D/D NYLON BRISK SHIRT,DAISY,S,1,5200,5200
0217インス・佐藤21枚_Part17.pdf,2,,,DAISY,M,12,5200,62400
0217インス・佐藤21枚_Part17.pdf,3,,,DAISY,L,6,5200,31200
0217インス・佐藤21枚_Part17.pdf,4,,,JASMINE,S,3,5200,15600
0217インス・佐藤21枚_Part17.pdf,5,,,JASMINE,M,16,5200,83200
0217インス・佐藤21枚_Part17.pdf,6,,,JASMINE,L,7,5200,36400
0217インス・佐藤21枚_Part17.pdf,7,,,JASMINE,XL,3,5200,15600
0217インス・佐藤21枚_Part17.pdf,8,,,BLACK,S,12,5200,62400
0217インス・佐藤21枚_Part17.pdf,9,,,BLACK,M,21,5200,109200
0217インス・佐藤21枚_Part17.pdf,10,,,BLACK,L,22,5200,114400
0217インス・佐藤21枚_Part17.pdf,11,,,BLACK,XL,8,5200,41600
0217インス・佐藤21枚_Part17.pdf,12,,,A/BLUE,S,3,5200,15600
0217インス・佐藤21枚_Part17.pdf,13,,,A/BLUE,M,15,5200,78000
0217インス・佐藤21枚_Part17.pdf,14,,,A/BLUE,L,9,5200,46800
0217インス・佐藤21枚_Part17.pdf,15,,,A/BLUE,XL,2,5200,10400
0217インス・佐藤21枚_Part17.pdf,16,,,CEMENT,S,9,5200,46800
0217インス・佐藤21枚_Part17.pdf,17,,,CEMENT,M,21,5200,109200
0217インス・佐藤21枚_Part17.pdf,18,,,CEMENT,L,18,5200,93600
0217インス・佐藤21枚_Part17.pdf,19,,,CEMENT,XL,9,5200,46800
0217インス・佐藤21枚_Part17.pdf,20,,,I/BLACK,S,4,5200,20800
0217インス・佐藤21枚_Part17.pdf,21,,,I/BLACK,M,8,5200,41600
0217インス・佐藤21枚_Part17.pdf,22,,,I/BLACK,L,4,5200,20800
0217インス・佐藤21枚_Part17.pdf,23,,,I/BLACK,XL,3,5200,15600
0217インス・佐藤21枚_Part18.pdf,1,WT26012AD/471,D/D NYLON OVER PT,BLACK,S,12,5500,66000
0217インス・佐藤21枚_Part18.pdf,2,,,BLACK,M,27,5500,148500
0217インス・佐藤21枚_Part18.pdf,3,,,BLACK,L,21,5500,115500
0217インス・佐藤21枚_Part18.pdf,4,,,BLACK,XL,6,5500,33000
0217インス・佐藤21枚_Part18.pdf,5,,,OLIVE,S,4,5500,22000
0217インス・佐藤21枚_Part18.pdf,6,,,OLIVE,M,18,5500,99000
0217インス・佐藤21枚_Part18.pdf,7,,,OLIVE,L,15,5500,82500
0217インス・佐藤21枚_Part18.pdf,8,,,OLIVE,XL,5,5500,27500
0217インス・佐藤21枚_Part18.pdf,9,,,C/CAMO,S,7,5500,38500
0217インス・佐藤21枚_Part18.pdf,10,,,C/CAMO,M,13,5500,71500
0217インス・佐藤21枚_Part18.pdf,11,,,C/CAMO,L,11,5500,60500
0217インス・佐藤21枚_Part18.pdf,12,,,C/CAMO,XL,4,5500,22000
0217インス・佐藤21枚_Part18.pdf,13,,,CEMENT,S,8,5500,44000
0217インス・佐藤21枚_Part18.pdf,14,,,CEMENT,M,20,5500,110000
0217インス・佐藤21枚_Part18.pdf,15,,,CEMENT,L,17,5500,93500
0217インス・佐藤21枚_Part18.pdf,16,,,CEMENT,XL,6,5500,33000
0217インス・佐藤21枚_Part18.pdf,17,,,I/BLACK,S,51,5500,280500
0217インス・佐藤21枚_Part18.pdf,18,,,A/BLUE,S,108,5500,594000
0217インス・佐藤21枚_Part19.pdf,1,WT26011AD/470,D/D NYLON CARGOS- PANTS (中国分),BLACK,M,2,5500,11000
0217インス・佐藤21枚_Part19.pdf,2,,,BLACK,L,2,5500,11000
0217インス・佐藤21枚_Part19.pdf,3,,,BLACK,XL,1,5500,5500
0217インス・佐藤21枚_Part19.pdf,4,,,D/CAMO,M,2,5500,11000
0217インス・佐藤21枚_Part19.pdf,5,,,D/CAMO,L,2,5500,11000
0217インス・佐藤21枚_Part19.pdf,6,,,D/CAMO,XL,1,5500,5500
0217インス・佐藤21枚_Part19.pdf,7,,,OLIVE,M,2,5500,11000
0217インス・佐藤21枚_Part19.pdf,8,,,OLIVE,L,2,5500,11000
0217インス・佐藤21枚_Part19.pdf,9,,,OLIVE,XL,1,5500,5500
0217インス・佐藤21枚_Part19.pdf,10,,,CEMENT,M,2,5500,11000
0217インス・佐藤21枚_Part19.pdf,11,,,CEMENT,L,2,5500,11000
0217インス・佐藤21枚_Part19.pdf,12,,,CEMENT,XL,1,5500,5500
0217インス・佐藤21枚_Part19.pdf,13,WT26012AD/471,D/D NYLON OVER PT (中国分),BLACK,M,2,5500,11000
0217インス・佐藤21枚_Part19.pdf,14,,,BLACK,L,2,5500,11000
0217インス・佐藤21枚_Part19.pdf,15,,,BLACK,XL,1,5500,5500
0217インス・佐藤21枚_Part19.pdf,16,,,OLIVE,M,1,5500,5500
0217インス・佐藤21枚_Part19.pdf,17,,,OLIVE,L,1,5500,5500
0217インス・佐藤21枚_Part19.pdf,18,,,CEMENT,M,2,5500,11000
0217インス・佐藤21枚_Part19.pdf,19,,,CEMENT,L,2,5500,11000
0217インス・佐藤21枚_Part19.pdf,20,,,CEMENT,XL,1,5500,5500
0217インス・佐藤21枚_Part19.pdf,21,,,C/CAMO,M,1,5500,5500
0217インス・佐藤21枚_Part19.pdf,22,,,C/CAMO,L,1,5500,5500
0217インス・佐藤21枚_Part20.pdf,1,WT26010AD/469,D/D NYLON CARGO PANTS (中国分),BLACK,M,1,5950,5950
0217インス・佐藤21枚_Part20.pdf,2,,,BLACK,L,1,5950,5950
0217インス・佐藤21枚_Part20.pdf,3,,,BLACK,XL,1,5950,5950
0217インス・佐藤21枚_Part20.pdf,4,,,D/CAMO,M,1,5950,5950
0217インス・佐藤21枚_Part20.pdf,5,,,D/CAMO,L,1,5950,5950
0217インス・佐藤21枚_Part20.pdf,6,,,D/CAMO,XL,1,5950,5950
0217インス・佐藤21枚_Part20.pdf,7,,,CEMENT,M,1,5950,5950
0217インス・佐藤21枚_Part20.pdf,8,,,CEMENT,L,1,5950,5950
0217インス・佐藤21枚_Part20.pdf,9,,,CEMENT,XL,1,5950,5950
0217インス・佐藤21枚_Part20.pdf,10,,,OLIVE,M,1,5950,5950
0217インス・佐藤21枚_Part20.pdf,11,,,OLIVE,L,1,5950,5950
0217インス・佐藤21枚_Part20.pdf,12,,,OLIVE,XL,1,5950,5950
0217インス・佐藤21枚_Part20.pdf,13,WT26011AD/470,D/D NYLON CARGOS- PANTS,CEMENT,S,12,5500,66000
0217インス・佐藤21枚_Part20.pdf,14,,,CEMENT,M,13,5500,71500
0217インス・佐藤21枚_Part20.pdf,15,,,CEMENT,L,7,5500,38500
0217インス・佐藤21枚_Part20.pdf,16,,,CEMENT,XL,3,5500,16500
0217インス・佐藤21枚_Part20.pdf,17,,,BLACK,S,19,5500,104500
0217インス・佐藤21枚_Part20.pdf,18,,,BLACK,M,45,5500,247500
0217インス・佐藤21枚_Part20.pdf,19,,,BLACK,L,37,5500,203500
0217インス・佐藤21枚_Part20.pdf,20,,,BLACK,XL,9,5500,49500
0217インス・佐藤21枚_Part20.pdf,21,,,D/CAMO,S,4,5500,22000
0217インス・佐藤21枚_Part20.pdf,22,,,D/CAMO,M,13,5500,71500
0217インス・佐藤21枚_Part20.pdf,23,,,D/CAMO,L,10,5500,55000
0217インス・佐藤21枚_Part20.pdf,24,,,D/CAMO,XL,7,5500,38500
0217インス・佐藤21枚_Part20.pdf,25,,,OLIVE,S,9,5500,49500
0217インス・佐藤21枚_Part20.pdf,26,,,OLIVE,M,20,5500,110000
0217インス・佐藤21枚_Part20.pdf,27,,,OLIVE,L,18,5500,99000
0217インス・佐藤21枚_Part20.pdf,28,,,OLIVE,XL,4,5500,22000
0217インス・佐藤21枚_Part21.pdf,1,WT26323AD-BS/495,D/D NYLON CAGO SHORTS,BLACK,XS,88,5000,440000
0217インス・佐藤21枚_Part21.pdf,2,,,BLACK,S,91,5000,455000
0217インス・佐藤21枚_Part21.pdf,3,,,BLACK,L,90,5000,450000
0217インス・佐藤21枚_Part21.pdf,4,,,BLACK,XL,86,5000,430000
0217インス・佐藤21枚_Part21.pdf,5,,,OLIVE,XS,58,5000,290000
0217インス・佐藤21枚_Part21.pdf,6,,,OLIVE,S,52,5000,260000
0217インス・佐藤21枚_Part21.pdf,7,,,OLIVE,L,57,5000,285000
0217インス・佐藤21枚_Part21.pdf,8,,,OLIVE,XL,49,5000,245000
0217インス・佐藤21枚_Part21.pdf,9,WT26010AD/469,D/D NYLON CARGO PANTS,BLACK,S,23,5950,136850
0217インス・佐藤21枚_Part21.pdf,10,,,BLACK,M,43,5950,255850
0217インス・佐藤21枚_Part21.pdf,11,,,BLACK,L,46,5950,273700
0217インス・佐藤21枚_Part21.pdf,12,,,BLACK,XL,13,5950,77350
0217インス・佐藤21枚_Part21.pdf,13,,,D/CAMO,S,12,5950,71400
0217インス・佐藤21枚_Part21.pdf,14,,,D/CAMO,M,21,5950,124950
0217インス・佐藤21枚_Part21.pdf,15,,,D/CAMO,L,22,5950,130900
0217インス・佐藤21枚_Part21.pdf,16,,,D/CAMO,XL,11,5950,65450
0217インス・佐藤21枚_Part21.pdf,17,,,CEMENT,S,18,5950,107100
0217インス・佐藤21枚_Part21.pdf,18,,,CEMENT,M,26,5950,154700
0217インス・佐藤21枚_Part21.pdf,19,,,CEMENT,L,20,5950,119000
0217インス・佐藤21枚_Part21.pdf,20,,,CEMENT,XL,12,5950,71400
0217インス・佐藤21枚_Part21.pdf,21,,,OLIVE,S,11,5950,65450
0217インス・佐藤21枚_Part21.pdf,22,,,OLIVE,M,26,5950,154700
0217インス・佐藤21枚_Part21.pdf,23,,,OLIVE,L,24,5950,142800
0217インス・佐藤21枚_Part21.pdf,24,,,OLIVE,XL,12,5950,71400
